File,Label
20210513_174828.jpg,10
20210513_174835.jpg,10
20210513_174853.jpg,10
20210513_174900.jpg,10
20210513_174915.jpg,10
20210513_174925.jpg,10
20210513_174942.jpg,20
20210513_174950.jpg,20
20210513_175003.jpg,20
20210513_175008.jpg,20
20210513_175018.jpg,20
20210513_175025.jpg,20
20210513_175041.jpg,20
20210513_175048.jpg,20
20210513_175104.jpg,50
20210513_175111.jpg,50
20210513_175125.jpg,50
20210513_175132.jpg,50
20210513_175145.jpg,50
20210513_175152.jpg,50
20210513_175209.jpg,50
20210513_175219.jpg,50
20210513_175239.jpg,100
20210513_175245.jpg,100
20210513_175253.jpg,100
20210513_175301.jpg,100
20210513_175313.jpg,100
20210513_175320.jpg,100
20210513_175447.jpg,50
20210513_175454_001.jpg,50
20210513_175517.jpg,50
20210513_175530.jpg,50
20210513_175551.jpg,50
20210513_175558.jpg,50
20210513_175614.jpg,100
20210513_175621.jpg,100
20210513_175634.jpg,100
20210513_175639.jpg,100
20210513_175651.jpg,100
20210513_175705.jpg,100
20210513_175717.jpg,100
20210513_175726.jpg,100
20210513_175802.jpg,100
20210513_175808.jpg,100
20210513_175823.jpg,10
20210513_175828.jpg,10
20210513_175852.jpg,20
20210513_175902.jpg,20
20210513_175924.jpg,20
20210513_175931.jpg,20
20210513_175942.jpg,20
20210513_175948.jpg,20
20210513_180000.jpg,100
20210513_180007.jpg,100
20210513_180017.jpg,100
20210513_180022.jpg,100
20210513_180034.jpg,100
20210513_180041.jpg,100
20210513_180054.jpg,200
20210513_180102.jpg,200
20210513_180114.jpg,200
20210513_180125.jpg,200
20210513_180237.jpg,100
20210513_180242.jpg,100
20210513_180249.jpg,100
20210513_180255.jpg,100
20210513_180302.jpg,100
20210513_180306.jpg,100
20210513_180312.jpg,100
20210513_180317.jpg,100
20210513_180325.jpg,100
20210513_180329.jpg,100
20210513_180412.jpg,200
20210513_180417.jpg,200
20210513_180422.jpg,200
20210513_180427.jpg,200
20210513_180432.jpg,200
20210513_180438.jpg,200
20210513_180443.jpg,200
20210513_180449.jpg,200
20210513_180454.jpg,200
20210513_180458.jpg,200
20210513_180608.jpg,500
20210513_180616.jpg,500
20210513_180640.jpg,500
20210513_180655.jpg,500
20210513_180708.jpg,50
20210513_180712.jpg,50
20210513_180719.jpg,50
20210513_180724.jpg,50
20210513_180729.jpg,50
20210513_180733.jpg,50
20210513_180742.jpg,50
20210513_180746.jpg,50
20210513_180752.jpg,50
20210513_180757.jpg,50
20210513_180804.jpg,50
20210513_180809.jpg,50
20210513_180814.jpg,50
20210513_180818.jpg,50
20210513_180830.jpg,50
20210513_180835.jpg,50
20210513_180840.jpg,50
20210513_180844.jpg,50
20210513_180852.jpg,50
20210513_181012.jpg,10
20210513_181017.jpg,10
20210513_181029.jpg,20
20210513_181034.jpg,20
20210513_181040.jpg,50
20210513_181046.jpg,50
20210513_181057.jpg,100
20210513_181102.jpg,100
20210513_181110.jpg,100
20210513_181116.jpg,100
20210513_181128.jpg,200
20210513_181134.jpg,200
20210513_181149.jpg,200
20210513_181153.jpg,200
20210513_181312.jpg,20
20210513_181317.jpg,20
20210513_181327.jpg,50
20210513_181333.jpg,50
20210513_181339.jpg,100
20210513_181343.jpg,100
