File Names,Image,Note Predicted,Probability
20210513_174828.jpg,20210513_174828.jpg,10,0.8658584
20210513_174835.jpg,20210513_174835.jpg,10,0.9351269
20210513_174853.jpg,20210513_174853.jpg,10,0.87568116
20210513_174900.jpg,20210513_174900.jpg,10,0.957928
20210513_174915.jpg,20210513_174915.jpg,10,0.8586913
20210513_174925.jpg,20210513_174925.jpg,10,0.6695925
20210513_174942.jpg,20210513_174942.jpg,20,0.8568797
20210513_174950.jpg,20210513_174950.jpg,20,0.98464525
20210513_175003.jpg,20210513_175003.jpg,20,0.91223633
20210513_175008.jpg,20210513_175008.jpg,20,0.9292896
20210513_175018.jpg,20210513_175018.jpg,20,0.7314267
20210513_175025.jpg,20210513_175025.jpg,20,0.9691042
20210513_175041.jpg,20210513_175041.jpg,20,0.9058428
20210513_175048.jpg,20210513_175048.jpg,20,0.8646608
20210513_175104.jpg,20210513_175104.jpg,50,0.9980203
20210513_175111.jpg,20210513_175111.jpg,50,0.99879414
20210513_175125.jpg,20210513_175125.jpg,50,0.9995104
20210513_175132.jpg,20210513_175132.jpg,50,0.9995754
20210513_175145.jpg,20210513_175145.jpg,50,0.9977975
20210513_175152.jpg,20210513_175152.jpg,50,0.9996971
20210513_175209.jpg,20210513_175209.jpg,50,0.9983349
20210513_175219.jpg,20210513_175219.jpg,50,0.99520344
20210513_175239.jpg,20210513_175239.jpg,100,0.9895649
20210513_175245.jpg,20210513_175245.jpg,100,0.9122256
20210513_175253.jpg,20210513_175253.jpg,100,0.98138964
20210513_175301.jpg,20210513_175301.jpg,100,0.7792095
20210513_175313.jpg,20210513_175313.jpg,100,0.7743146
20210513_175320.jpg,20210513_175320.jpg,100,0.90403044
20210513_175447.jpg,20210513_175447.jpg,50,0.9862726
20210513_175454_001.jpg,20210513_175454_001.jpg,50,0.99962777
20210513_175517.jpg,20210513_175517.jpg,50,0.9981526
20210513_175530.jpg,20210513_175530.jpg,50,0.99936754
20210513_175551.jpg,20210513_175551.jpg,50,0.9957944
20210513_175558.jpg,20210513_175558.jpg,50,0.99938285
20210513_175614.jpg,20210513_175614.jpg,100,0.82132447
20210513_175621.jpg,20210513_175621.jpg,100,0.9696519
20210513_175634.jpg,20210513_175634.jpg,100,0.98688245
20210513_175639.jpg,20210513_175639.jpg,100,0.875072
20210513_175651.jpg,20210513_175651.jpg,100,0.9842144
20210513_175705.jpg,20210513_175705.jpg,100,0.8600056
20210513_175717.jpg,20210513_175717.jpg,100,0.9375247
20210513_175726.jpg,20210513_175726.jpg,100,0.9731986
20210513_175802.jpg,20210513_175802.jpg,100,0.504532
20210513_175808.jpg,20210513_175808.jpg,100,0.7007874
20210513_175823.jpg,20210513_175823.jpg,10,0.8100115
20210513_175828.jpg,20210513_175828.jpg,10,0.91085833
20210513_175852.jpg,20210513_175852.jpg,20,0.9761548
20210513_175902.jpg,20210513_175902.jpg,20,0.9470701
20210513_175924.jpg,20210513_175924.jpg,20,0.855204
20210513_175931.jpg,20210513_175931.jpg,20,0.9394375
20210513_175942.jpg,20210513_175942.jpg,20,0.87912726
20210513_175948.jpg,20210513_175948.jpg,20,0.9735627
20210513_180000.jpg,20210513_180000.jpg,100,0.96667767
20210513_180007.jpg,20210513_180007.jpg,100,0.93526214
20210513_180017.jpg,20210513_180017.jpg,100,0.9712504
20210513_180022.jpg,20210513_180022.jpg,100,0.84003985
20210513_180034.jpg,20210513_180034.jpg,100,0.7159992
20210513_180041.jpg,20210513_180041.jpg,100,0.9016236
20210513_180054.jpg,20210513_180054.jpg,200,0.93325233
20210513_180102.jpg,20210513_180102.jpg,200,0.9361808
20210513_180114.jpg,20210513_180114.jpg,200,0.9132307
20210513_180125.jpg,20210513_180125.jpg,200,0.9579754
20210513_180237.jpg,20210513_180237.jpg,100,0.8409741
20210513_180242.jpg,20210513_180242.jpg,100,0.9732716
20210513_180249.jpg,20210513_180249.jpg,100,0.729561
20210513_180255.jpg,20210513_180255.jpg,100,0.9610974
20210513_180302.jpg,20210513_180302.jpg,100,0.79734933
20210513_180306.jpg,20210513_180306.jpg,100,0.9637141
20210513_180312.jpg,20210513_180312.jpg,100,0.90286934
20210513_180317.jpg,20210513_180317.jpg,100,0.93415236
20210513_180325.jpg,20210513_180325.jpg,100,0.8776026
20210513_180329.jpg,20210513_180329.jpg,100,0.94992465
20210513_180412.jpg,20210513_180412.jpg,200,0.6836944
20210513_180417.jpg,20210513_180417.jpg,200,0.7656808
20210513_180422.jpg,20210513_180422.jpg,200,0.93978363
20210513_180427.jpg,20210513_180427.jpg,200,0.9772278
20210513_180432.jpg,20210513_180432.jpg,200,0.96465784
20210513_180438.jpg,20210513_180438.jpg,200,0.96635544
20210513_180443.jpg,20210513_180443.jpg,200,0.9196198
20210513_180449.jpg,20210513_180449.jpg,200,0.9756479
20210513_180454.jpg,20210513_180454.jpg,200,0.9459222
20210513_180458.jpg,20210513_180458.jpg,200,0.96643794
20210513_180608.jpg,20210513_180608.jpg,500,0.5963765
20210513_180616.jpg,20210513_180616.jpg,500,0.6325821
20210513_180640.jpg,20210513_180640.jpg,500,0.82763195
20210513_180655.jpg,20210513_180655.jpg,500,0.7918399
20210513_180708.jpg,20210513_180708.jpg,50,0.998367
20210513_180712.jpg,20210513_180712.jpg,50,0.99890244
20210513_180719.jpg,20210513_180719.jpg,50,0.9984246
20210513_180724.jpg,20210513_180724.jpg,50,0.9984384
20210513_180729.jpg,20210513_180729.jpg,50,0.97892
20210513_180733.jpg,20210513_180733.jpg,50,0.99972296
20210513_180742.jpg,20210513_180742.jpg,50,0.9975015
20210513_180746.jpg,20210513_180746.jpg,50,0.9997511
20210513_180752.jpg,20210513_180752.jpg,50,0.9987104
20210513_180757.jpg,20210513_180757.jpg,50,0.9997909
20210513_180804.jpg,20210513_180804.jpg,50,0.99958205
20210513_180809.jpg,20210513_180809.jpg,50,0.99994975
20210513_180814.jpg,20210513_180814.jpg,50,0.9985308
20210513_180818.jpg,20210513_180818.jpg,50,0.998988
20210513_180830.jpg,20210513_180830.jpg,50,0.99526906
20210513_180835.jpg,20210513_180835.jpg,50,0.99971664
20210513_180840.jpg,20210513_180840.jpg,50,0.9997678
20210513_180844.jpg,20210513_180844.jpg,50,0.9998728
20210513_180852.jpg,20210513_180852.jpg,50,0.99938405
20210513_181012.jpg,20210513_181012.jpg,10,0.73639303
20210513_181017.jpg,20210513_181017.jpg,10,0.8051567
20210513_181029.jpg,20210513_181029.jpg,20,0.9260417
20210513_181034.jpg,20210513_181034.jpg,20,0.9708066
20210513_181040.jpg,20210513_181040.jpg,50,0.9993925
20210513_181046.jpg,20210513_181046.jpg,50,0.9978709
20210513_181057.jpg,20210513_181057.jpg,100,0.86486316
20210513_181102.jpg,20210513_181102.jpg,100,0.94961214
20210513_181110.jpg,20210513_181110.jpg,100,0.8501557
20210513_181116.jpg,20210513_181116.jpg,100,0.96115965
20210513_181128.jpg,20210513_181128.jpg,200,0.9283185
20210513_181134.jpg,20210513_181134.jpg,200,0.92893386
20210513_181149.jpg,20210513_181149.jpg,200,0.58480084
20210513_181153.jpg,20210513_181153.jpg,200,0.7254082
20210513_181312.jpg,20210513_181312.jpg,20,0.8873435
20210513_181317.jpg,20210513_181317.jpg,20,0.49129915
20210513_181327.jpg,20210513_181327.jpg,50,0.9994769
20210513_181333.jpg,20210513_181333.jpg,50,0.9923697
20210513_181339.jpg,20210513_181339.jpg,100,0.8982366
20210513_181343.jpg,20210513_181343.jpg,100,0.56800735
